id_cliente,nombre,correo_electronico,telefono,direccion
1,Jordan Gonzalez,jennifer27@example.org,001-751-696-2893x151,"989 Anderson Park
Castrohaven, NH 55259"
2,Marie Rodriguez,erikalarsen@example.org,(204)328-5503x64516,"3410 Miller Village Apt. 934
Vincentfurt, SC 94212"
3,Tammy Graham,heatheracosta@example.org,001-401-600-8773x4478,"7758 Diaz Freeway
Danielmouth, KY 58801"
4,Joseph Robbins,savannahjohnson@example.com,+1-407-736-2859x9104,"4242 Kim Rue Apt. 079
West Andreamouth, UT 94352"
5,George Duke,sampsonryan@example.com,001-562-396-1573x3826,"667 Maria Highway
Port Tylerside, CA 27813"
6,Robert Donovan,thomas61@example.net,6613250040,"67676 Strickland Street
North Thomas, WY 83025"
7,Alison Reed,tracy80@example.net,(472)863-3713x160,"USNS Lopez
FPO AA 73280"
8,Devin Brown,robert71@example.net,472-709-1211x659,"981 Freeman Flat Apt. 427
Kimberlyville, IN 51091"
9,Scott Garcia,dfrazier@example.org,4723582446,"Unit 2055 Box 3469
DPO AA 36834"
10,Jeffery Rodriguez,antonio31@example.com,378-390-4715,"204 Roy Trail
East Garyton, CA 40854"
11,Lisa Thompson,lisarobertson@example.net,427-557-7209x447,"12021 Gabriel Forges Apt. 586
Port Bryanshire, FM 45676"
12,Jaime Hill,ynelson@example.net,482.572.4495x40768,"5803 Benton Junctions
West Johnstad, MO 07490"
13,Brittney Smith,twashington@example.com,(676)418-5309,"4826 Kristina Track Suite 241
Joseborough, NV 59000"
14,Monica Edwards,laura98@example.net,+1-846-992-1743x4676,"3385 Zuniga Grove
New Leah, NJ 13511"
15,Stephen Green,ibaird@example.org,491.727.3703x1855,"0563 Amanda Stravenue Apt. 864
Kimberlyland, CA 28051"
16,David Salazar,steelematthew@example.net,608.915.1923,"6071 Brandon Unions
Reynoldsside, SC 13235"
17,Eric Harrison,turnerseth@example.net,786.863.2363x394,"30662 Charlotte Trace Suite 963
Davisborough, OH 03476"
18,Theresa Long,mcintyresummer@example.net,001-966-335-3979x1114,"947 Pugh Creek Suite 056
South Kennethborough, NE 13882"
19,Lindsey Gordon,brittanycarson@example.org,001-517-362-8818x5278,"61519 Miller Flats Suite 420
North Bernardhaven, MI 86865"
20,Cheryl Gonzales,gsanchez@example.com,730-260-9078,"075 Simon Keys Suite 707
Port Caitlin, TN 22480"
21,Michele Howard,dixonamy@example.org,834.309.4690x9489,"793 Stone Centers
Patrickshire, NH 25063"
22,Tricia Flores,kathrynjohnson@example.net,414-260-8890x52421,"13368 Johnson Fall
Bryanside, NH 49414"
23,Brooke King,dhall@example.com,(911)638-2065x9036,"934 Phillips Rapid Apt. 215
Jeffreystad, PW 10428"
24,Kimberly Blake,iwilliams@example.org,971.936.3933,"05693 Amy Street
Normastad, MA 94141"
25,Debbie Palmer,grayrandall@example.net,401-465-7273x31926,"72158 Patton Mount Suite 835
Port Julianland, CT 22474"
26,Christopher Harrison,hgallagher@example.com,+1-345-926-3919x85522,"4016 Karen Crossroad Apt. 846
Larsenton, NC 03538"
27,Cynthia Christian,caseyalvarado@example.com,001-578-336-0015,"2162 Perez Motorway
Bushview, CO 73957"
28,Christina Fisher,samuelaguilar@example.net,490-301-1385,"73120 Wilson Union Suite 887
New Stephanieton, NH 94782"
29,James Adams,dlyons@example.com,+1-812-970-0606,"5122 Anna Route Apt. 629
Marshallstad, NY 46705"
30,Connie Estrada,oprice@example.org,238.902.6612,"5606 Rush Common Apt. 725
Perrystad, PR 17994"
31,Kevin Russell,ohancock@example.com,001-896-668-1070x66413,"01951 Blair Gateway Suite 454
South Suzanneview, NC 87537"
32,Sarah Molina,dwhitehead@example.org,001-291-430-9064x352,"Unit 0754 Box 2822
DPO AA 56986"
33,Amber Harper,martinezjeffery@example.org,6214856074,"2242 Stevens Grove
Port Dylanside, NE 06756"
34,Taylor Bennett,amathis@example.com,+1-696-249-4051x17280,"459 Stevens Extension
Lake Christinaberg, NC 52530"
35,Julie Warner,olivia52@example.com,+1-889-361-2140x5310,"PSC 7152, Box 3358
APO AA 89693"
36,Brian Blake,matthewsmith@example.org,(499)807-3655x6127,"0924 Howard Loop
Estradaberg, IA 21585"
37,Andrew Pope,scott76@example.net,274-289-1813,"65033 Mcconnell Walk Apt. 619
West Timothyfort, UT 48738"
38,Aaron Smith,wilsonkimberly@example.org,001-688-513-2438x81670,"844 Freeman Squares
Scottland, CT 31342"
39,Judy Benson,leslie14@example.net,+1-894-501-7062x661,"2746 Barnes Spur
East William, ID 51479"
40,Jasmine Kirby,yorkjames@example.org,660.808.4881,"62772 Bright Spur
Davidview, MS 81690"
41,Brittany Taylor,bryanjames@example.org,001-440-935-1937x5825,"010 Wayne Meadow
North Patrick, UT 24735"
42,Heather Sparks,cprice@example.com,+1-545-982-0681x054,"99831 Morales Passage
Laurenstad, OK 61594"
43,Steven Merritt,awaters@example.com,706.567.3575,"257 Decker Skyway Apt. 498
South Jessicaville, KY 42105"
44,Amanda Yang,amy84@example.net,(928)975-5125,"1675 Kennedy Locks
Ericafort, MP 43123"
45,Charles Anderson,michael74@example.net,(741)729-0463x2943,"23967 Robinson River Suite 483
Hessview, NC 21610"
46,Kelsey Gonzalez,hudsonjesse@example.net,(820)968-8075x32587,"6748 Miller Fort Suite 837
Franklinfort, SD 21533"
47,Howard Mcdonald MD,amy98@example.com,607.368.9274x6327,"PSC 7790, Box 6462
APO AA 48624"
48,Michael Merritt,smithangela@example.org,001-250-652-8640x7516,"3403 David Mountains Apt. 363
Peterbury, VT 53993"
49,Melissa Burns,amandagibson@example.net,700.662.3692,"8606 Douglas Turnpike Apt. 604
South Alejandratown, NV 00663"
50,William Bauer,owensjacqueline@example.org,721-741-9251x38345,"2936 Johnson Garden
Nelsonview, TN 14931"
51,Lisa Willis,amanda09@example.com,960-334-5342x2306,"46633 Jason Groves Suite 229
Lindabury, NY 88506"
52,Jasmine Matthews,stevenlawson@example.net,957.263.3528,"Unit 8468 Box 3220
DPO AE 76644"
53,Jessica Benjamin,norriscraig@example.com,001-433-271-4930x5548,"551 Melissa Pine Apt. 529
Marcuston, MI 07134"
54,Joshua Scott,ssalas@example.net,(345)815-8888x26642,"3767 Ellis Expressway Suite 136
Muellerfort, MN 51081"
55,Rebecca Walsh,obrienjoshua@example.net,388.470.4006,"202 Christine Place
Collinschester, DC 76030"
56,Brittany Morrison,holtlisa@example.net,(417)294-6311,"3570 Keith Village Suite 504
South Wendymouth, GU 23789"
57,Scott Decker,jenniferwarner@example.com,646-916-9689,"814 Howell Street Suite 206
Kingberg, WI 94229"
58,Douglas Lawson,ericcalhoun@example.net,239.578.7190x246,"2239 Sanchez Hollow
Bernardport, KS 63366"
59,Robert Harrell,stonegary@example.net,+1-218-531-6657x21841,"8820 Cody Rapid
New Ryan, WA 09396"
60,Bryan Stephens,vwilliams@example.net,960-290-2165,"0437 Brown Ranch
South Shellyberg, NM 38118"
61,Rachel Reyes,youngmichael@example.org,(503)441-8363x6747,"309 Collins Circles Suite 771
Port Michaela, MT 70477"
62,Penny Evans,campbelldeanna@example.org,+1-200-711-0665,"7782 Smith Loaf Apt. 552
Lake Gabrielle, VA 88065"
63,Christine Martin,anthonysherman@example.com,(636)261-0260,"328 Kim Extensions Suite 679
Amandamouth, WV 55287"
64,Renee Johnson,xowens@example.com,946-506-5521x451,"52796 Jason Corner Apt. 984
Mossmouth, PA 74006"
65,Eric Gibson,hcarroll@example.com,245.335.0604,"USCGC Russell
FPO AP 70318"
66,Katrina Johnson,lewisdavid@example.com,(686)434-4758,"781 Armstrong Throughway
Walshbury, NH 77671"
67,Ashley Herman,nixonpatricia@example.com,657.441.5540x2094,"60682 Johnson Mill Apt. 933
West Brenda, CO 45393"
68,Regina Phillips,greenjoshua@example.org,+1-725-895-7135x2466,"879 David Wells
Lake Darlenestad, IN 97758"
69,David Conway,glennmcdonald@example.org,901-408-7568x8671,"08193 Webb Plaza
East Maryland, UT 39752"
70,Elizabeth Brown,jeanne65@example.org,4175072344,"2800 Reynolds Road
Vanessahaven, VI 71265"
71,Sabrina Tucker,nicolefitzgerald@example.org,001-437-377-1469x18562,"07904 Reyes Views
North Patricia, AK 45587"
72,Meghan Maldonado,crhodes@example.net,562.855.4358,"278 Noble Estate Apt. 976
Michaelstad, GA 22608"
73,Susan Barron,ntorres@example.org,001-447-976-5470,"523 Darrell Extension
New Sandrashire, MT 23624"
74,Mrs. Alexis Martinez,carsondiane@example.org,629-490-2795x2461,"PSC 8037, Box 4310
APO AP 46711"
75,Caleb Cochran,bjones@example.net,+1-316-534-4052,"PSC 4756, Box 5895
APO AP 75157"
76,Melissa Baker,lorraineestrada@example.org,6734330657,"2652 Linda Isle
Lake Kendra, IL 38928"
77,Stephanie Rich,cmiller@example.org,722.259.0153,"11002 Hernandez Garden
West Michael, PA 41183"
78,Steven Adams,santosjeremy@example.net,487.482.9310x889,"3355 Sara Parkways
Anneville, NM 77606"
79,Nichole Gonzalez,mlove@example.net,380-699-6185,"3173 Ramirez Turnpike
West Katrinamouth, OK 87846"
80,Charles Navarro,eugenecruz@example.org,(590)541-6643x54220,"0499 Amanda Motorway Apt. 015
Hammondtown, IN 71973"
81,Elizabeth Rios,ucox@example.net,(889)980-7555x334,"623 Roman Valley
Perezland, SD 38235"
82,Christopher Schmidt,cross@example.net,001-981-761-6369,"9672 Zachary Shores Suite 021
Lauraside, KS 50044"
83,Jessica Taylor,emoody@example.com,(599)711-0249x27269,"836 Anderson Tunnel
Markbury, KS 90375"
84,Daniel Jones,wsanchez@example.org,5982678361,"747 Smith Harbor
North Rebecca, KS 85140"
85,Jacob Dougherty,summersmichael@example.net,(331)243-7167,"8072 Brandon Branch
Daviesstad, MP 87484"
86,Andrew Kramer,aclark@example.net,(560)469-0275x957,"USCGC Allen
FPO AA 08934"
87,Christopher Brown,alexanderwhite@example.com,+1-303-263-6508x28484,"2314 Brandon Ramp Suite 277
New Brandonville, OR 85667"
88,Sarah Murray,roberttaylor@example.org,(416)973-1488x986,"04926 Ronald Greens Apt. 347
Richardhaven, IN 61696"
89,Randy Duncan,kfrye@example.net,8796521269,"5027 Kirby Inlet
North Shannonburgh, IA 30381"
90,Gregory Rios,andersonjohnny@example.com,925.496.3633,"518 Sosa Extension
South April, FL 49662"
91,Paul Parker,haleedward@example.com,(831)567-9818x99201,"3179 Joanna Oval Apt. 723
Jameshaven, WV 49047"
92,Thomas Williams,ashley77@example.net,201-470-2442x5107,"565 Barry Highway
Welchborough, DC 39916"
93,David Gonzalez,vbradley@example.org,001-696-611-8360x99536,"577 Robert Rue Apt. 870
Bakerchester, AR 15016"
94,Emily Johnson,zprice@example.com,910-911-0055x691,"44275 Luna Land Suite 117
Johnmouth, VT 69011"
95,Joseph Hoffman,wallacelauren@example.net,+1-652-966-6350,"8681 Amanda Bypass Apt. 585
North Cameron, SC 48519"
96,Lisa Williams,emilystewart@example.net,(516)679-8094,"710 Sanders Village
Port Joshua, NM 55683"
97,Frank Mejia,guerratiffany@example.net,001-828-707-2608x68813,"2829 Ramos Shoal Suite 931
Lake Kayla, TN 86740"
98,David Miranda,williamskatelyn@example.org,+1-218-297-9083x28909,"9404 Jonathon Fords
Henrychester, MT 53451"
99,Steven Hodge,brianhoffman@example.com,(593)819-1588x30107,"141 Obrien Glen Apt. 681
East Eric, IN 56582"
100,Dr. Daniel Bowman DDS,whuffman@example.com,+1-496-999-2084x67419,"7808 Miranda Mountains
West Justin, SC 24352"
